id,first_name,last_name,email,gender,ip_address
1,Silvio,Tweedell,stweedell0@gov.uk,Male,44.212.157.141
2,Aurea,Highwood,ahighwood1@mit.edu,Female,13.190.138.80
3,Rudd,Breffitt,rbreffitt2@lulu.com,Male,154.218.247.72
4,Bette-ann,Le Clercq,bleclercq3@ed.gov,Genderfluid,13.134.8.242
5,Rudolph,Greatbach,rgreatbach4@mapy.cz,Male,9.169.197.84
6,Rriocard,Milkin,rmilkin5@archive.org,Male,107.177.203.74
7,Mufinella,Worboy,mworboy6@dmoz.org,Female,208.95.207.217
8,Norrie,Richley,nrichley7@hatena.ne.jp,Female,159.103.188.127
9,Ingaborg,Geard,igeard8@bravesites.com,Polygender,182.234.150.200
10,Arielle,Lutton,alutton9@google.it,Female,226.117.218.67
11,Brandea,Houchen,bhouchena@pagesperso-orange.fr,Female,229.112.192.7
12,Rica,Avery,raveryb@sphinn.com,Female,212.33.197.252
13,Peter,Befroy,pbefroyc@woothemes.com,Male,215.205.106.13
14,Lucina,Volks,lvolksd@businesswire.com,Female,221.156.105.190
15,Rice,Finnis,rfinnise@altervista.org,Male,155.156.146.117
16,Sandie,Guilfoyle,sguilfoylef@wisc.edu,Female,226.75.31.178
17,Gonzales,Jancy,gjancyg@tamu.edu,Male,66.192.231.241
18,Katha,Huyghe,khuygheh@archive.org,Female,108.30.75.177
19,Nady,Basezzi,nbasezzii@theglobeandmail.com,Female,14.62.58.33
20,Patrice,Goodboddy,pgoodboddyj@about.me,Female,214.187.239.200
21,Tedie,Cohen,tcohenk@bigcartel.com,Male,48.111.71.241
22,Brice,Ayllett,bayllettl@amazonaws.com,Male,228.251.184.254
23,Mozes,Coaster,mcoasterm@naver.com,Male,144.152.78.160
24,Falito,Hanway,fhanwayn@vkontakte.ru,Bigender,144.251.39.183
25,Johna,Fellos,jfelloso@wired.com,Female,23.120.99.244
26,Wright,Loudon,wloudonp@google.com.hk,Male,217.4.144.63
27,Eb,Sodory,esodoryq@smugmug.com,Male,44.81.112.88
28,Lorelei,Moyce,lmoycer@washingtonpost.com,Female,158.145.244.142
29,Basil,Purches,bpurchess@rakuten.co.jp,Male,187.76.4.114
30,Mae,Cufflin,mcufflint@oaic.gov.au,Female,169.32.103.234
31,Francisca,Paine,fpaineu@simplemachines.org,Female,233.113.187.222
32,Hewett,De Andreis,hdeandreisv@ustream.tv,Male,159.138.102.124
33,Janeva,Carnell,jcarnellw@angelfire.com,Female,200.62.75.49
34,Loella,Argrave,largravex@uiuc.edu,Female,236.230.84.204
35,Nestor,Stanmer,nstanmery@histats.com,Male,77.18.129.247
36,Waneta,Dibnah,wdibnahz@cnet.com,Female,209.70.210.181
37,Kaila,Gorrick,kgorrick10@abc.net.au,Female,25.106.172.61
38,Lavinie,Breazeall,lbreazeall11@va.gov,Female,204.88.49.115
39,Nomi,Stife,nstife12@bbb.org,Female,175.216.153.90
40,Hortense,Denney,hdenney13@de.vu,Female,49.197.238.193
41,Kirsteni,Chatteris,kchatteris14@123-reg.co.uk,Female,137.192.17.109
42,Willabella,Fishleigh,wfishleigh15@digg.com,Polygender,180.80.144.28
43,Clarice,Orrice,corrice16@hp.com,Female,177.34.78.133
44,Tucker,McTurlough,tmcturlough17@gov.uk,Male,20.244.125.128
45,Carlo,Barsby,cbarsby18@people.com.cn,Male,72.249.155.29
46,Nevsa,Byneth,nbyneth19@oracle.com,Female,195.241.111.71
47,Anya,Reede,areede1a@sourceforge.net,Female,150.24.79.97
48,Desmond,Raitt,draitt1b@google.es,Polygender,117.235.231.136
49,Tobe,Goodyear,tgoodyear1c@stanford.edu,Male,22.44.195.43
50,Ham,Pointin,hpointin1d@google.it,Male,241.207.175.113
51,See,Gauche,sgauche1e@newyorker.com,Male,172.112.231.220
52,Therese,Petronis,tpetronis1f@addtoany.com,Female,95.93.250.202
53,Eben,Hover,ehover1g@w3.org,Male,243.146.31.112
54,Romeo,Saffe,rsaffe1h@cdc.gov,Male,17.98.47.12
55,Natalya,Stanistreet,nstanistreet1i@google.it,Female,171.138.111.239
56,Titos,Hawkett,thawkett1j@stanford.edu,Male,231.128.192.84
57,Moise,Willishire,mwillishire1k@washington.edu,Male,192.38.224.195
58,Terrye,Marco,tmarco1l@thetimes.co.uk,Female,190.223.223.188
59,Karin,Mayho,kmayho1m@bigcartel.com,Female,12.14.36.43
60,Sarette,Kalinke,skalinke1n@imageshack.us,Female,223.88.186.0
61,Reinold,Twiname,rtwiname1o@usa.gov,Male,11.151.210.192
62,Ermentrude,Ames,eames1p@amazon.co.jp,Female,152.239.53.190
63,Willyt,Houldcroft,whouldcroft1q@netlog.com,Female,40.237.59.167
64,Erastus,Elijah,eelijah1r@acquirethisname.com,Male,34.18.87.159
65,Jojo,Janik,jjanik1s@parallels.com,Female,246.163.122.177
66,Norris,Drinkale,ndrinkale1t@gizmodo.com,Male,151.107.111.151
67,Clare,Pagin,cpagin1u@hostgator.com,Male,227.167.22.175
68,Malvin,Summons,msummons1v@hostgator.com,Male,61.165.163.111
69,Teddie,Ubanks,tubanks1w@altervista.org,Male,242.25.155.227
70,Benni,Cristobal,bcristobal1x@w3.org,Female,104.134.182.144
71,Anabella,Durban,adurban1y@digg.com,Female,128.66.41.223
72,Gilligan,Conaboy,gconaboy1z@zimbio.com,Female,88.102.171.88
73,Chrysler,Findlay,cfindlay20@prweb.com,Female,161.78.206.166
74,Adiana,Dancey,adancey21@chron.com,Female,107.74.233.11
75,Sharline,Tunsley,stunsley22@disqus.com,Female,34.101.157.144
76,Olimpia,Maypother,omaypother23@statcounter.com,Female,215.117.68.89
77,Pat,McGillreich,pmcgillreich24@discuz.net,Female,35.235.253.34
78,Salem,Blincowe,sblincowe25@hao123.com,Male,254.152.176.131
79,Francois,Feltoe,ffeltoe26@yolasite.com,Male,219.3.81.125
80,Halette,Goncalo,hgoncalo27@github.com,Genderqueer,158.215.11.189
81,Ed,Slocombe,eslocombe28@umich.edu,Male,103.229.156.122
82,Barthel,Jellicorse,bjellicorse29@friendfeed.com,Male,231.131.63.233
83,Errick,Blay,eblay2a@wiley.com,Male,156.92.5.103
84,Agata,Grimditch,agrimditch2b@statcounter.com,Female,180.112.195.142
85,Hildy,Brown,hbrown2c@jalbum.net,Female,166.38.145.56
86,Sarette,Ely,sely2d@aol.com,Female,91.25.146.147
87,Rhody,Magrannell,rmagrannell2e@nba.com,Female,38.223.126.111
88,Kleon,Garnsworthy,kgarnsworthy2f@businessinsider.com,Male,52.159.151.209
89,Kittie,Wayvill,kwayvill2g@bbb.org,Female,190.131.77.192
90,Nettle,Jelphs,njelphs2h@buzzfeed.com,Female,157.53.37.125
91,Maurizia,Slamaker,mslamaker2i@prnewswire.com,Female,204.232.79.158
92,Reinaldos,Whyteman,rwhyteman2j@yale.edu,Male,225.150.192.7
93,De witt,Treend,dtreend2k@dedecms.com,Male,218.140.45.171
94,Leo,Gooble,lgooble2l@booking.com,Male,155.81.94.46
95,Thedrick,Bracknall,tbracknall2m@g.co,Male,7.169.95.229
96,Penny,Millgate,pmillgate2n@newyorker.com,Female,15.240.74.102
97,Audra,Cadman,acadman2o@reuters.com,Female,79.54.78.210
98,Bertrando,Conyer,bconyer2p@epa.gov,Male,31.181.214.108
99,Isabel,Barzen,ibarzen2q@unc.edu,Female,75.254.217.173
100,Liuka,Westhofer,lwesthofer2r@purevolume.com,Female,60.23.212.50
101,Micaela,Wishart,mwishart2s@tripod.com,Female,170.18.68.154
102,Walsh,Offield,woffield2t@vimeo.com,Male,73.48.141.63
103,Lesya,Derrell,lderrell2u@smugmug.com,Female,55.123.110.53
104,Garold,Heintze,gheintze2v@istockphoto.com,Male,162.195.67.3
105,Therese,Venners,tvenners2w@hud.gov,Female,34.221.242.15
106,Alli,Tremain,atremain2x@multiply.com,Female,140.154.131.163
107,Scotti,Trathan,strathan2y@house.gov,Male,161.28.209.201
108,Webster,Robberts,wrobberts2z@illinois.edu,Male,8.164.149.253
109,Marnia,Spieght,mspieght30@irs.gov,Female,129.75.110.24
110,Delly,Bruckent,dbruckent31@narod.ru,Female,163.85.23.245
111,Ernesto,Lemon,elemon32@trellian.com,Male,156.220.8.144
112,Skye,Rosenfarb,srosenfarb33@storify.com,Male,60.4.87.120
113,Raleigh,Bourthoumieux,rbourthoumieux34@fc2.com,Male,233.246.163.200
114,Loren,Ludl,lludl35@typepad.com,Male,127.254.30.232
115,Gianina,Sertin,gsertin36@nyu.edu,Female,158.21.2.45
116,Karim,Bridywater,kbridywater37@topsy.com,Male,18.10.212.247
117,Celie,McTurk,cmcturk38@nps.gov,Female,126.24.20.4
118,Weber,Duggen,wduggen39@ameblo.jp,Male,43.112.242.198
119,Berkley,McFarland,bmcfarland3a@tamu.edu,Male,208.223.107.178
120,Edwin,Flode,eflode3b@adobe.com,Male,178.115.157.125
121,Zonda,Shenley,zshenley3c@nationalgeographic.com,Female,136.147.109.68
122,Silvano,Mundie,smundie3d@trellian.com,Male,105.87.50.189
123,Urson,Blandford,ublandford3e@uiuc.edu,Male,29.203.53.20
124,Barbaraanne,Dell'Abbate,bdellabbate3f@reddit.com,Female,141.134.46.134
125,Deck,Hitscher,dhitscher3g@microsoft.com,Male,79.130.168.192
126,Gordie,Dowdeswell,gdowdeswell3h@studiopress.com,Male,170.158.199.161
127,Jilly,Ghidini,jghidini3i@biglobe.ne.jp,Genderqueer,253.155.192.202
128,Tally,Lathleiffure,tlathleiffure3j@nih.gov,Male,113.169.113.40
129,Jo,Schaben,jschaben3k@japanpost.jp,Female,20.143.183.195
130,Louie,Cokayne,lcokayne3l@bravesites.com,Male,135.209.163.215
131,Udall,Chong,uchong3m@wisc.edu,Male,237.30.201.220
132,Martino,Zelland,mzelland3n@redcross.org,Male,155.46.120.96
133,Davine,Clinning,dclinning3o@1und1.de,Female,148.224.164.90
134,Vyky,Ivantsov,vivantsov3p@bloglines.com,Female,55.243.102.76
135,Kerry,Hunton,khunton3q@nasa.gov,Female,175.201.171.190
136,Cornela,Siege,csiege3r@barnesandnoble.com,Female,237.54.106.179
137,Gretchen,Panswick,gpanswick3s@macromedia.com,Female,155.111.174.126
138,Zora,McCaskill,zmccaskill3t@themeforest.net,Female,201.177.74.198
139,Gardiner,Syratt,gsyratt3u@lulu.com,Male,102.17.28.8
140,Lewes,Melloy,lmelloy3v@last.fm,Male,163.59.198.55
141,Tristan,Redmond,tredmond3w@jugem.jp,Male,240.9.13.5
142,Dominique,Perrycost,dperrycost3x@moonfruit.com,Female,28.112.101.134
143,Harri,Rushforth,hrushforth3y@cafepress.com,Female,37.214.93.137
144,Viviene,Danielsky,vdanielsky3z@newsvine.com,Female,249.211.47.105
145,Andie,Sifleet,asifleet40@bigcartel.com,Male,219.157.139.12
146,Cristal,Assender,cassender41@jigsy.com,Female,67.29.23.33
147,Tallia,Madner,tmadner42@mail.ru,Polygender,206.183.128.250
148,Brittany,Whiskerd,bwhiskerd43@cbsnews.com,Polygender,230.157.116.167
149,Ardyth,Light,alight44@amazon.com,Female,168.141.164.123
150,Van,Peegrem,vpeegrem45@businesswire.com,Male,12.6.193.30
151,Baillie,Sherlaw,bsherlaw46@washington.edu,Non-binary,14.197.20.204
152,Nikolos,Koenen,nkoenen47@mac.com,Agender,0.93.216.96
153,Crichton,Hay,chay48@dailymail.co.uk,Male,81.18.199.173
154,Borg,Armin,barmin49@scribd.com,Male,210.9.173.25
155,Willem,Faircley,wfaircley4a@soundcloud.com,Male,88.116.66.128
156,Alie,Born,aborn4b@si.edu,Female,74.18.155.184
157,Bowie,Albisser,balbisser4c@mysql.com,Male,186.212.86.100
158,Roxy,Dimelow,rdimelow4d@pbs.org,Female,80.7.130.130
159,Anders,Heatlie,aheatlie4e@sciencedirect.com,Male,71.97.3.217
160,Federico,Whaley,fwhaley4f@furl.net,Bigender,55.167.228.79
161,Odey,Nodin,onodin4g@auda.org.au,Male,22.32.213.131
162,Orion,Murfin,omurfin4h@about.me,Male,122.113.238.9
163,Guinna,Creane,gcreane4i@yahoo.co.jp,Bigender,173.216.183.57
164,Leland,Antos,lantos4j@earthlink.net,Male,40.89.70.120
165,Artemus,Ipplett,aipplett4k@cam.ac.uk,Male,59.246.14.183
166,Marne,Durram,mdurram4l@friendfeed.com,Female,21.229.242.252
167,Way,Ryrie,wryrie4m@pinterest.com,Male,7.210.12.186
168,May,Blackstock,mblackstock4n@webnode.com,Female,138.56.116.6
169,Niels,Sibille,nsibille4o@istockphoto.com,Male,255.101.3.239
170,Bat,Boydle,bboydle4p@theguardian.com,Polygender,33.27.26.4
171,Francesco,Wimmers,fwimmers4q@foxnews.com,Bigender,252.72.16.231
172,Clem,Pilling,cpilling4r@admin.ch,Male,22.12.100.125
173,Kimberly,Lardeux,klardeux4s@springer.com,Female,53.135.89.91
174,Blakelee,Dowley,bdowley4t@icq.com,Female,156.164.105.232
175,Opalina,Wilber,owilber4u@geocities.jp,Female,234.197.239.201
176,Leonerd,Roome,lroome4v@dell.com,Male,171.74.252.111
177,Pattie,Durrand,pdurrand4w@buzzfeed.com,Male,241.5.46.1
178,Brock,Comino,bcomino4x@exblog.jp,Male,166.0.154.34
179,Kandace,Szymon,kszymon4y@symantec.com,Female,155.220.204.61
180,Pascale,Catterell,pcatterell4z@accuweather.com,Male,164.64.200.198
181,Patrizia,Smeath,psmeath50@reference.com,Genderfluid,56.32.79.224
182,Dedra,Bleackley,dbleackley51@reference.com,Female,148.69.28.11
183,Salim,Harriott,sharriott52@dailymail.co.uk,Bigender,228.216.163.126
184,Demetra,Jude,djude53@domainmarket.com,Female,75.114.137.151
185,Amitie,O'Tuohy,aotuohy54@cargocollective.com,Female,30.95.255.196
186,Mord,Woodberry,mwoodberry55@tinyurl.com,Male,176.37.153.56
187,Zechariah,Franssen,zfranssen56@moonfruit.com,Genderqueer,73.236.18.225
188,Pennie,Torres,ptorres57@soundcloud.com,Male,27.142.137.20
189,Hamid,Yoell,hyoell58@163.com,Male,56.70.124.97
190,Amelia,Mortlock,amortlock59@abc.net.au,Female,19.19.97.86
191,Martguerita,Averall,maverall5a@craigslist.org,Female,169.139.96.185
192,Phip,Bethel,pbethel5b@parallels.com,Agender,157.42.9.14
193,Lewie,Coorington,lcoorington5c@earthlink.net,Male,207.126.101.199
194,Garnette,Bras,gbras5d@java.com,Female,212.112.32.227
195,Cheri,Postians,cpostians5e@so-net.ne.jp,Female,103.68.65.229
196,Effie,Bingham,ebingham5f@xing.com,Female,215.240.147.140
197,Phoebe,Corteney,pcorteney5g@dot.gov,Female,209.221.144.228
198,Oriana,Oles,ooles5h@alibaba.com,Polygender,119.207.86.150
199,Puff,Dasent,pdasent5i@e-recht24.de,Male,103.52.224.146
200,Ingamar,Ramsay,iramsay5j@globo.com,Genderfluid,8.121.33.157
201,Merna,Vahey,mvahey5k@state.tx.us,Female,184.213.68.250
202,Clarisse,Stitcher,cstitcher5l@zimbio.com,Female,140.232.67.8
203,Slade,Clowser,sclowser5m@g.co,Male,255.65.195.23
204,Arlee,Onn,aonn5n@apache.org,Female,40.51.237.38
205,Theressa,Timmes,ttimmes5o@merriam-webster.com,Female,93.93.222.59
206,Hollyanne,Innerstone,hinnerstone5p@tripadvisor.com,Female,136.23.248.10
207,Stephenie,Ferrarin,sferrarin5q@hugedomains.com,Genderfluid,222.203.95.227
208,Edan,Baison,ebaison5r@oaic.gov.au,Male,111.24.196.222
209,Warner,Botfield,wbotfield5s@ehow.com,Male,42.150.21.208
210,Darsey,Laven,dlaven5t@newsvine.com,Female,142.151.246.202
211,Culver,Mc-Kerley,cmckerley5u@odnoklassniki.ru,Male,138.146.33.182
212,Estell,Sclater,esclater5v@dmoz.org,Female,236.70.248.251
213,Merrily,Rodgier,mrodgier5w@mysql.com,Female,202.152.110.94
214,Cosimo,Raffon,craffon5x@ted.com,Male,97.26.87.168
215,Xena,Winscum,xwinscum5y@trellian.com,Female,5.192.169.252
216,Winston,Tellett,wtellett5z@qq.com,Male,40.18.40.112
217,Jonis,Cluelow,jcluelow60@cyberchimps.com,Female,6.101.182.52
218,Willi,Pilgram,wpilgram61@wunderground.com,Female,253.86.218.150
219,Giraud,Scadding,gscadding62@cocolog-nifty.com,Male,213.142.5.79
220,Alica,Keyden,akeyden63@ovh.net,Female,23.75.173.114
221,Yvor,Santoro,ysantoro64@studiopress.com,Male,154.39.142.9
222,Marmaduke,Skells,mskells65@google.com.au,Male,178.227.86.225
223,Dynah,Djorevic,ddjorevic66@ibm.com,Female,181.231.253.246
224,Rogers,Bellis,rbellis67@pen.io,Agender,55.73.208.148
225,Arline,Barlie,abarlie68@wisc.edu,Female,5.50.21.61
226,Gris,Phillis,gphillis69@desdev.cn,Male,119.124.85.107
227,Giana,Haker,ghaker6a@mediafire.com,Female,166.205.25.224
228,Daryl,Waterfall,dwaterfall6b@narod.ru,Male,198.33.6.62
229,Estella,Fawlo,efawlo6c@github.com,Female,215.131.165.47
230,Nerty,Bachmann,nbachmann6d@unblog.fr,Female,70.32.184.104
231,Adam,Tarling,atarling6e@msu.edu,Male,159.16.140.248
232,Nicolea,Ceaser,nceaser6f@amazon.co.uk,Female,238.79.42.151
233,Frannie,Crutch,fcrutch6g@squarespace.com,Male,153.234.72.150
234,Debby,Caldera,dcaldera6h@blinklist.com,Female,46.107.129.83
235,Sayers,Lidgate,slidgate6i@github.com,Male,244.91.66.119
236,Kev,Gatfield,kgatfield6j@noaa.gov,Male,104.45.55.162
237,Evered,Gooderidge,egooderidge6k@bloomberg.com,Male,55.172.152.83
238,Darlleen,Overill,doverill6l@wikia.com,Polygender,18.31.73.42
239,Chrissie,Gypps,cgypps6m@flavors.me,Male,62.129.71.181
240,Audrye,Clamp,aclamp6n@merriam-webster.com,Bigender,194.37.54.0
241,Karrie,Ions,kions6o@smh.com.au,Female,213.157.20.68
242,Hagen,Fitzmaurice,hfitzmaurice6p@over-blog.com,Male,119.185.163.162
243,Janine,Middleton,jmiddleton6q@senate.gov,Female,125.242.71.239
244,Sylvan,Biswell,sbiswell6r@homestead.com,Male,112.170.200.42
245,Kennith,Raggitt,kraggitt6s@ask.com,Non-binary,39.168.186.93
246,Barty,Cleghorn,bcleghorn6t@prlog.org,Male,254.79.18.183
247,Kizzee,Sherrell,ksherrell6u@ebay.com,Female,169.33.101.87
248,Linda,Hawthorn,lhawthorn6v@merriam-webster.com,Female,132.228.6.176
249,Loleta,Tween,ltween6w@acquirethisname.com,Non-binary,24.85.37.69
250,Gayla,Lavens,glavens6x@fc2.com,Female,150.191.167.238
251,Devina,Hatliffe,dhatliffe6y@feedburner.com,Female,37.254.181.36
252,Marcelle,Holgan,mholgan6z@upenn.edu,Female,255.199.102.41
253,Vladamir,Mattevi,vmattevi70@csmonitor.com,Male,135.247.67.149
254,Janie,Dahlberg,jdahlberg71@mozilla.org,Female,44.153.7.66
255,Lorelei,Heims,lheims72@blogs.com,Bigender,242.94.45.166
256,Joshua,Hartridge,jhartridge73@macromedia.com,Male,252.21.103.227
257,Hubert,Piscot,hpiscot74@adobe.com,Male,137.187.200.252
258,Evelyn,Tanswell,etanswell75@europa.eu,Female,90.214.178.139
259,Khalil,Ioselev,kioselev76@wiley.com,Male,211.143.19.234
260,Connie,Farmloe,cfarmloe77@opera.com,Male,66.37.200.15
261,Minda,Laverick,mlaverick78@clickbank.net,Female,217.110.91.142
262,Leila,Lapwood,llapwood79@fda.gov,Female,89.146.233.92
263,Chadd,Branno,cbranno7a@paginegialle.it,Male,185.150.122.187
264,Forest,Shambroke,fshambroke7b@blinklist.com,Male,150.46.119.86
265,De witt,O' Sullivan,dosullivan7c@comcast.net,Male,29.182.217.28
266,Linnet,Culpen,lculpen7d@exblog.jp,Genderfluid,31.10.219.168
267,Mose,Everard,meverard7e@auda.org.au,Male,177.227.91.34
268,Emelyne,Richings,erichings7f@examiner.com,Female,80.164.198.64
269,Winny,Helling,whelling7g@unesco.org,Male,220.33.43.4
270,Robers,Emlen,remlen7h@trellian.com,Male,71.15.125.148
271,Phyllida,Blinde,pblinde7i@aol.com,Bigender,130.253.33.159
272,Rancell,Wooldridge,rwooldridge7j@sphinn.com,Non-binary,255.243.131.207
273,Starlin,Bampford,sbampford7k@1und1.de,Bigender,178.91.10.178
274,Micky,Fazakerley,mfazakerley7l@last.fm,Female,78.170.53.103
275,Evanne,Meadway,emeadway7m@amazonaws.com,Female,22.168.121.20
276,Duke,Edmonston,dedmonston7n@nhs.uk,Male,145.213.85.191
277,Sidney,Spavon,sspavon7o@archive.org,Male,91.152.184.154
278,Georgetta,Rawlence,grawlence7p@etsy.com,Female,45.232.132.217
279,Cissiee,Hirsthouse,chirsthouse7q@constantcontact.com,Female,51.117.22.239
280,Augy,Hayller,ahayller7r@mozilla.com,Male,64.138.242.218
281,Ameline,Walne,awalne7s@craigslist.org,Female,209.150.187.32
282,Erl,Headech,eheadech7t@de.vu,Male,87.61.88.227
283,Jabez,Onians,jonians7u@fotki.com,Genderqueer,125.236.135.252
284,Jess,Venturoli,jventuroli7v@flickr.com,Male,170.12.65.80
285,Diana,Silberschatz,dsilberschatz7w@dmoz.org,Female,232.12.185.224
286,Ines,Latus,ilatus7x@jimdo.com,Female,144.84.182.122
287,Marsha,Downer,mdowner7y@nyu.edu,Female,190.140.107.109
288,Sarah,Mabe,smabe7z@sakura.ne.jp,Female,8.123.61.63
289,Rabi,Beavington,rbeavington80@businesswire.com,Male,137.177.219.61
290,Winfield,McShirrie,wmcshirrie81@weibo.com,Male,163.173.22.97
291,Rochella,Tenaunt,rtenaunt82@youku.com,Female,129.142.131.92
292,Genevra,Mulrenan,gmulrenan83@com.com,Female,11.253.114.21
293,Catlaina,Swale,cswale84@dell.com,Female,227.244.38.64
294,Carolee,Fowgies,cfowgies85@soundcloud.com,Female,41.61.131.124
295,Laurianne,Cicetti,lcicetti86@unicef.org,Female,225.89.230.47
296,Ansell,Antunez,aantunez87@jiathis.com,Male,109.206.221.121
297,Adrian,Mills,amills88@arstechnica.com,Male,175.164.209.129
298,Patricia,Gunnell,pgunnell89@reference.com,Female,9.109.132.125
299,Roz,Kures,rkures8a@live.com,Female,177.230.141.101
300,Hubie,Jerrand,hjerrand8b@census.gov,Male,210.24.161.126
301,Modestine,Newport,mnewport8c@sakura.ne.jp,Female,4.83.91.221
302,Terrence,Barnsdall,tbarnsdall8d@wsj.com,Male,150.113.40.134
303,Christoforo,Spileman,cspileman8e@photobucket.com,Male,104.243.122.9
304,Lissa,Loade,lloade8f@house.gov,Female,73.68.197.148
305,Arni,Petrenko,apetrenko8g@vimeo.com,Male,90.35.240.192
306,Vanda,O'Shiels,voshiels8h@google.pl,Female,163.243.173.212
307,Zebulen,Myring,zmyring8i@mapy.cz,Male,200.201.149.104
308,Gaelan,Labbet,glabbet8j@google.es,Male,177.232.107.96
309,Guillemette,Chasemore,gchasemore8k@usgs.gov,Female,19.160.199.73
310,Fitzgerald,Brunke,fbrunke8l@amazon.co.uk,Male,124.244.89.105
311,Rinaldo,Ahlf,rahlf8m@ucoz.ru,Male,29.146.30.147
312,Melodee,Hamlet,mhamlet8n@ca.gov,Female,190.72.40.195
313,Lutero,Van Saltsberg,lvansaltsberg8o@linkedin.com,Genderfluid,107.87.39.193
314,Lottie,Mauser,lmauser8p@ucsd.edu,Female,211.174.104.201
315,Bar,Kull,bkull8q@sbwire.com,Male,31.206.189.235
316,Eugen,Piccard,epiccard8r@vinaora.com,Male,51.253.230.191
317,Jeanine,Sheraton,jsheraton8s@ocn.ne.jp,Female,170.221.66.148
318,Arlena,Grevatt,agrevatt8t@seattletimes.com,Female,96.91.203.214
319,Rycca,Birch,rbirch8u@hp.com,Female,18.251.46.89
320,Pascale,Rumming,prumming8v@npr.org,Non-binary,74.172.212.70
321,Adolph,Croall,acroall8w@netscape.com,Male,116.188.3.99
322,Hieronymus,Muckley,hmuckley8x@uiuc.edu,Male,207.238.230.230
323,Enrique,McPhate,emcphate8y@cyberchimps.com,Male,115.159.164.249
324,Charmine,Getcliff,cgetcliff8z@bbc.co.uk,Female,237.238.103.86
325,Hadlee,Crauford,hcrauford90@jalbum.net,Male,45.173.24.138
326,Dougie,Beilby,dbeilby91@blogs.com,Male,147.4.82.186
327,Franz,Leguay,fleguay92@businessinsider.com,Male,28.186.235.103
328,Padraig,Messingham,pmessingham93@google.nl,Male,213.250.180.36
329,Robinette,Stoppard,rstoppard94@last.fm,Female,174.228.224.85
330,Hamish,Mueller,hmueller95@nationalgeographic.com,Male,119.43.140.103
331,Bonita,Davys,bdavys96@disqus.com,Agender,134.156.150.82
332,Teador,Reddel,treddel97@moonfruit.com,Male,175.253.211.133
333,Gretal,Pohling,gpohling98@live.com,Female,31.38.192.149
334,Sonny,Cocklie,scocklie99@economist.com,Female,142.137.155.146
335,Sinclair,Stoddart,sstoddart9a@weather.com,Male,59.172.206.15
336,Gwenneth,Densey,gdensey9b@yahoo.com,Female,205.127.228.82
337,Katalin,O'Dennehy,kodennehy9c@shinystat.com,Female,141.30.35.12
338,Vikky,Corbet,vcorbet9d@nationalgeographic.com,Female,78.205.122.80
339,Ellary,Chidlow,echidlow9e@cafepress.com,Male,162.225.250.55
340,Jolynn,Loveredge,jloveredge9f@hao123.com,Female,221.233.166.104
341,Jarrod,McIlmurray,jmcilmurray9g@amazon.de,Male,174.39.253.109
342,Neila,Cahani,ncahani9h@ehow.com,Female,115.224.29.239
343,Cirstoforo,Vasilov,cvasilov9i@youtube.com,Male,197.10.42.230
344,Johnathon,Riggott,jriggott9j@discovery.com,Male,45.32.44.42
345,Mirilla,Wilby,mwilby9k@abc.net.au,Female,107.40.64.26
346,Rafael,Menel,rmenel9l@oakley.com,Male,89.253.179.61
347,Marven,Jacqueme,mjacqueme9m@arstechnica.com,Bigender,14.103.178.192
348,Renado,Farrand,rfarrand9n@bluehost.com,Non-binary,178.92.248.7
349,Adolf,Coster,acoster9o@mediafire.com,Male,208.43.187.23
350,Giustino,Jackes,gjackes9p@flavors.me,Male,51.112.238.184
351,Hilary,Bremley,hbremley9q@marketwatch.com,Male,202.238.101.66
352,Homerus,Coughan,hcoughan9r@shareasale.com,Male,209.95.78.218
353,Brier,Lennon,blennon9s@cdbaby.com,Bigender,67.37.222.121
354,Maximo,Bovingdon,mbovingdon9t@ask.com,Male,163.72.135.125
355,Clemmy,Hallaways,challaways9u@spotify.com,Male,109.81.86.115
356,Ardis,Muzzlewhite,amuzzlewhite9v@telegraph.co.uk,Female,142.34.97.2
357,Chen,Muldownie,cmuldownie9w@upenn.edu,Male,145.45.19.133
358,Marika,O'Loughane,moloughane9x@purevolume.com,Female,139.242.11.163
359,Tani,Melan,tmelan9y@goo.gl,Female,246.225.75.41
360,Tabitha,Reidie,treidie9z@goo.ne.jp,Female,107.116.76.175
361,Ania,Barron,abarrona0@meetup.com,Female,165.55.23.137
362,Karla,Frankcombe,kfrankcombea1@who.int,Female,13.159.236.215
363,Allard,Purdom,apurdoma2@dot.gov,Male,117.79.153.15
364,Nehemiah,Gisby,ngisbya3@facebook.com,Male,57.94.179.85
365,Abbot,Duham,aduhama4@usda.gov,Male,69.193.244.202
366,Aguistin,Chilver,achilvera5@tmall.com,Male,18.143.99.160
367,Cris,Halfhead,chalfheada6@printfriendly.com,Female,15.237.92.67
368,Mikel,Nisuis,mnisuisa7@nsw.gov.au,Male,228.32.240.2
369,Floris,Gonnel,fgonnela8@wix.com,Female,0.225.46.222
370,Cordy,Tarr,ctarra9@senate.gov,Female,61.104.117.119
371,Konstantin,Morcom,kmorcomaa@de.vu,Male,185.138.28.55
372,Thorsten,Spellworth,tspellworthab@quantcast.com,Male,35.183.19.109
373,Mateo,Nehl,mnehlac@youtu.be,Male,170.190.91.158
374,Ilsa,Hirsthouse,ihirsthousead@nationalgeographic.com,Non-binary,162.173.26.14
375,Alaine,Stallybrass,astallybrassae@naver.com,Female,187.137.147.85
376,Deane,Mea,dmeaaf@salon.com,Male,55.97.131.124
377,Erwin,MacAnellye,emacanellyeag@ibm.com,Male,164.8.85.82
378,Camel,Steptowe,csteptoweah@biglobe.ne.jp,Female,90.25.14.188
379,Orv,Pifford,opiffordai@feedburner.com,Male,160.65.58.173
380,Keriann,Medland,kmedlandaj@360.cn,Female,232.199.156.70
381,Nathanial,Guillain,nguillainak@bizjournals.com,Male,144.60.189.144
382,Darnell,Koche,dkocheal@comsenz.com,Male,169.170.113.236
383,Fidela,Espinheira,fespinheiraam@admin.ch,Female,26.182.251.145
384,Malynda,Roskelley,mroskelleyan@desdev.cn,Female,246.153.91.37
385,Conant,Underhill,cunderhillao@issuu.com,Male,148.39.111.110
386,Lyndsie,Wagenen,lwagenenap@icq.com,Female,107.90.192.136
387,Hyacinthe,McGrady,hmcgradyaq@blogspot.com,Female,236.197.149.203
388,Glynn,Starmer,gstarmerar@sun.com,Male,104.44.215.100
389,Shelli,Iddons,siddonsas@cafepress.com,Female,64.37.234.36
390,Montague,Rummer,mrummerat@goo.gl,Polygender,227.66.64.214
391,Emera,Micheli,emicheliau@gov.uk,Female,0.189.20.113
392,Janella,Sivier,jsivierav@weather.com,Female,18.127.54.211
393,Bank,Strathe,bstratheaw@unicef.org,Male,100.49.28.204
394,Anabella,Donnell,adonnellax@cnbc.com,Female,32.215.198.234
395,Bayard,Pauel,bpauelay@wiley.com,Male,111.187.177.127
396,Rosaleen,Redhouse,rredhouseaz@live.com,Female,104.17.7.208
397,Verina,Wrout,vwroutb0@php.net,Female,243.224.8.44
398,Adrian,Barbosa,abarbosab1@census.gov,Agender,123.35.176.6
399,Zora,Huggins,zhugginsb2@multiply.com,Female,229.83.164.118
400,Hakim,Erie,herieb3@cornell.edu,Male,116.108.170.56
401,Felecia,Winnard,fwinnardb4@msn.com,Female,49.211.50.90
402,Odelia,Cowthard,ocowthardb5@istockphoto.com,Female,62.149.75.148
403,Quentin,Pretswell,qpretswellb6@odnoklassniki.ru,Male,164.67.94.117
404,Glenn,Sabatini,gsabatinib7@woothemes.com,Male,120.121.204.185
405,Caprice,Soeiro,csoeirob8@moonfruit.com,Female,146.138.229.114
406,Burl,Jaquest,bjaquestb9@ucoz.com,Male,163.49.70.124
407,Thomasine,Chatters,tchattersba@webs.com,Agender,76.36.113.221
408,Lyndell,Sowley,lsowleybb@harvard.edu,Female,86.222.64.155
409,Daffie,McParland,dmcparlandbc@shutterfly.com,Polygender,144.172.37.19
410,Atalanta,Bewick,abewickbd@npr.org,Female,178.35.140.33
411,Felita,Gabbat,fgabbatbe@elpais.com,Female,164.250.250.141
412,Bobette,Pocknell,bpocknellbf@t-online.de,Female,254.243.26.152
413,Ad,Waud,awaudbg@ucla.edu,Male,163.152.241.160
414,Sherwin,Taffrey,staffreybh@loc.gov,Male,88.53.0.200
415,Genevra,Bannard,gbannardbi@virginia.edu,Non-binary,216.178.175.162
416,Jack,Itzak,jitzakbj@sina.com.cn,Male,76.125.71.80
417,Alain,Meneur,ameneurbk@parallels.com,Male,248.1.45.131
418,Martina,Scrange,mscrangebl@yahoo.com,Female,47.27.40.27
419,Francene,Reame,freamebm@sogou.com,Female,121.24.8.101
420,Jean,Penrith,jpenrithbn@hp.com,Male,211.193.216.40
421,Nerte,Kilfoyle,nkilfoylebo@infoseek.co.jp,Female,246.80.1.9
422,Cherilynn,Drawmer,cdrawmerbp@cmu.edu,Female,188.43.167.235
423,Roxie,Melarkey,rmelarkeybq@slate.com,Agender,210.132.3.206
424,Calley,Bushel,cbushelbr@dagondesign.com,Female,128.193.226.239
425,Arly,Blodg,ablodgbs@patch.com,Female,63.72.85.25
426,Tailor,Elsy,telsybt@w3.org,Male,176.170.84.179
427,Bridget,Dayer,bdayerbu@chronoengine.com,Female,201.242.122.195
428,Inness,Wardell,iwardellbv@thetimes.co.uk,Male,131.93.42.155
429,Wallache,Yakuntsov,wyakuntsovbw@cyberchimps.com,Male,240.29.88.123
430,Ikey,Edelman,iedelmanbx@nasa.gov,Bigender,111.155.178.83
431,Abie,Pickles,apicklesby@chronoengine.com,Male,214.128.69.28
432,Rutter,Stainburn,rstainburnbz@cdc.gov,Male,75.52.186.64
433,Grant,Calendar,gcalendarc0@ucla.edu,Male,110.140.91.147
434,Emilee,Santon,esantonc1@virginia.edu,Female,48.183.6.84
435,Haily,Grunnell,hgrunnellc2@google.co.jp,Male,52.226.221.174
436,Norah,Scneider,nscneiderc3@feedburner.com,Female,206.34.31.226
437,Tobie,Janatka,tjanatkac4@virginia.edu,Male,228.165.126.159
438,Coleen,Vondruska,cvondruskac5@goo.ne.jp,Female,150.45.247.61
439,Jarrad,Geaves,jgeavesc6@digg.com,Male,67.250.204.22
440,Henrie,Manktelow,hmanktelowc7@shinystat.com,Female,114.200.7.136
441,Fae,Brenstuhl,fbrenstuhlc8@biblegateway.com,Female,121.74.204.225
442,Emmalyn,Schultz,eschultzc9@themeforest.net,Female,182.58.91.205
443,Rhoda,Moan,rmoanca@bing.com,Female,113.202.6.195
444,Chadd,Storm,cstormcb@canalblog.com,Male,45.115.8.201
445,Erik,Kenvin,ekenvincc@microsoft.com,Male,105.158.47.197
446,Nicholas,Oxshott,noxshottcd@nasa.gov,Male,205.109.185.136
447,Frans,Carnegie,fcarnegiece@reverbnation.com,Male,64.96.51.22
448,Neale,Lurcock,nlurcockcf@adobe.com,Male,103.204.51.104
449,Juana,Bonsall,jbonsallcg@constantcontact.com,Female,207.99.188.87
450,Jaime,Pache,jpachech@addthis.com,Non-binary,53.21.217.240
451,Mandi,Jillard,mjillardci@homestead.com,Agender,82.59.23.161
452,Katti,Hatchette,khatchettecj@apache.org,Female,52.229.66.35
453,Aleta,Sandhill,asandhillck@deviantart.com,Agender,31.62.253.195
454,Francesca,Beig,fbeigcl@mtv.com,Bigender,98.141.195.100
455,Mirelle,Langforth,mlangforthcm@woothemes.com,Female,41.109.73.71
456,Charlean,Reichardt,creichardtcn@house.gov,Female,164.232.171.23
457,Darice,Malster,dmalsterco@wikia.com,Genderqueer,253.70.253.87
458,Nathan,Bellas,nbellascp@networkadvertising.org,Male,6.1.242.192
459,Leodora,Scotney,lscotneycq@wordpress.com,Female,70.108.237.80
460,Bree,Sinnock,bsinnockcr@ftc.gov,Female,133.113.250.57
461,Bartholomeo,Gagin,bgagincs@wordpress.com,Male,170.170.195.216
462,Bobby,Bumby,bbumbyct@soundcloud.com,Male,102.241.137.126
463,Carleton,Haddinton,chaddintoncu@networksolutions.com,Male,12.21.1.79
464,Tobiah,Niccols,tniccolscv@livejournal.com,Male,5.70.93.149
465,Waverly,Costall,wcostallcw@about.com,Male,65.214.2.197
466,Lorens,Goodayle,lgoodaylecx@over-blog.com,Male,60.21.223.35
467,Ondrea,Heineken,oheinekency@skype.com,Female,140.124.9.213
468,Myron,Danes,mdanescz@marriott.com,Male,181.108.235.160
469,Renato,Marielle,rmarielled0@soup.io,Male,18.228.136.111
470,Lambert,Dey,ldeyd1@blogs.com,Male,62.174.84.33
471,Tobie,Doles,tdolesd2@dailymotion.com,Male,215.28.244.11
472,Roxanna,Perch,rperchd3@deviantart.com,Genderqueer,49.175.18.120
473,Edwina,Fairbanks,efairbanksd4@ox.ac.uk,Female,3.27.75.40
474,Jozef,Bere,jbered5@usda.gov,Non-binary,77.47.147.247
475,Lamont,Denslow,ldenslowd6@fda.gov,Male,244.140.207.182
476,Jaymee,Goly,jgolyd7@chron.com,Female,18.153.237.157
477,Claudell,Gudahy,cgudahyd8@facebook.com,Male,212.167.8.66
478,Ekaterina,Backsal,ebacksald9@woothemes.com,Female,93.81.48.180
479,Daren,Crannage,dcrannageda@cnet.com,Male,207.14.245.22
480,Esteban,Burgane,eburganedb@t-online.de,Male,245.153.108.92
481,Tannie,Watt,twattdc@dailymail.co.uk,Male,107.78.88.7
482,Hill,Phipson,hphipsondd@fda.gov,Male,66.213.112.89
483,Nissie,Crippen,ncrippende@ow.ly,Female,206.108.34.72
484,Melodie,Allenby,mallenbydf@dot.gov,Female,190.176.145.59
485,Teresa,Kirimaa,tkirimaadg@washington.edu,Female,168.71.151.93
486,Rufus,Jacklings,rjacklingsdh@mac.com,Male,36.125.61.243
487,Connie,Abramowsky,cabramowskydi@google.co.uk,Female,51.2.138.59
488,Franny,Yakovitch,fyakovitchdj@cam.ac.uk,Female,212.111.220.163
489,Talbert,Leicester,tleicesterdk@marketwatch.com,Male,48.207.45.25
490,Cob,Fante,cfantedl@sun.com,Male,119.163.217.96
491,Verney,McKechnie,vmckechniedm@sakura.ne.jp,Male,238.83.2.37
492,Irwinn,Benzing,ibenzingdn@123-reg.co.uk,Male,80.132.21.84
493,Pennie,Bart,pbartdo@usnews.com,Male,231.145.17.75
494,Monah,Waddilow,mwaddilowdp@blogspot.com,Female,89.134.205.65
495,Marylinda,Middler,mmiddlerdq@xing.com,Female,8.31.125.83
496,Marigold,Ramelet,mrameletdr@nymag.com,Female,205.134.254.212
497,Marje,Michieli,mmichielids@google.nl,Female,137.44.70.9
498,Morganne,Lilley,mlilleydt@friendfeed.com,Female,168.176.247.222
499,Tara,Slowley,tslowleydu@over-blog.com,Female,125.185.242.46
500,Margarita,Matzkaitis,mmatzkaitisdv@cargocollective.com,Female,203.97.96.113
